series_id,industry,year,period,period_name,hourly_earnings
CES2000000003,Construction,2024,M12,December,38.94
CES2000000003,Construction,2024,M11,November,38.77
CES2000000003,Construction,2024,M10,October,38.69
CES2000000003,Construction,2024,M09,September,38.55
CES2000000003,Construction,2024,M08,August,38.34
CES2000000003,Construction,2024,M07,July,38.29
CES2000000003,Construction,2024,M06,June,38.10
CES2000000003,Construction,2024,M05,May,38.04
CES2000000003,Construction,2024,M04,April,37.99
CES2000000003,Construction,2024,M03,March,37.77
CES2000000003,Construction,2024,M02,February,37.54
CES2000000003,Construction,2024,M01,January,37.51
CES2000000003,Construction,2023,M12,December,37.27
CES2000000003,Construction,2023,M11,November,37.20
CES2000000003,Construction,2023,M10,October,37.02
CES2000000003,Construction,2023,M09,September,36.87
CES2000000003,Construction,2023,M08,August,36.80
CES2000000003,Construction,2023,M07,July,36.72
CES2000000003,Construction,2023,M06,June,36.35
CES2000000003,Construction,2023,M05,May,36.28
CES2000000003,Construction,2023,M04,April,36.13
CES2000000003,Construction,2023,M03,March,36.00
CES2000000003,Construction,2023,M02,February,35.88
CES2000000003,Construction,2023,M01,January,35.60
CES2000000003,Construction,2022,M12,December,35.65
CES2000000003,Construction,2022,M11,November,35.45
CES2000000003,Construction,2022,M10,October,35.27
CES2000000003,Construction,2022,M09,September,35.11
CES2000000003,Construction,2022,M08,August,34.93
CES2000000003,Construction,2022,M07,July,34.82
CES2000000003,Construction,2022,M06,June,34.71
CES2000000003,Construction,2022,M05,May,34.54
CES2000000003,Construction,2022,M04,April,34.32
CES2000000003,Construction,2022,M03,March,34.14
CES2000000003,Construction,2022,M02,February,33.96
CES2000000003,Construction,2022,M01,January,33.83
CES2000000003,Construction,2021,M12,December,33.63
CES2000000003,Construction,2021,M11,November,33.46
CES2000000003,Construction,2021,M10,October,33.39
CES2000000003,Construction,2021,M09,September,33.27
CES2000000003,Construction,2021,M08,August,33.08
CES2000000003,Construction,2021,M07,July,32.92
CES2000000003,Construction,2021,M06,June,32.82
CES2000000003,Construction,2021,M05,May,32.72
CES2000000003,Construction,2021,M04,April,32.55
CES2000000003,Construction,2021,M03,March,32.24
CES2000000003,Construction,2021,M02,February,32.28
CES2000000003,Construction,2021,M01,January,32.15
CES2000000003,Construction,2020,M12,December,32.08
CES2000000003,Construction,2020,M11,November,32.01
CES2000000003,Construction,2020,M10,October,31.90
CES2000000003,Construction,2020,M09,September,31.82
CES2000000003,Construction,2020,M08,August,31.82
CES2000000003,Construction,2020,M07,July,31.75
CES2000000003,Construction,2020,M06,June,31.60
CES2000000003,Construction,2020,M05,May,31.45
CES2000000003,Construction,2020,M04,April,31.34
CES2000000003,Construction,2020,M03,March,31.40
CES2000000003,Construction,2020,M02,February,31.38
CES2000000003,Construction,2020,M01,January,31.22
CES2000000003,Construction,2019,M12,December,31.19
CES2000000003,Construction,2019,M11,November,31.12
CES2000000003,Construction,2019,M10,October,30.97
CES2000000003,Construction,2019,M09,September,30.91
CES2000000003,Construction,2019,M08,August,30.86
CES2000000003,Construction,2019,M07,July,30.71
CES2000000003,Construction,2019,M06,June,30.70
CES2000000003,Construction,2019,M05,May,30.69
CES2000000003,Construction,2019,M04,April,30.63
CES2000000003,Construction,2019,M03,March,30.53
CES2000000003,Construction,2019,M02,February,30.43
CES2000000003,Construction,2019,M01,January,30.34
CES2000000003,Construction,2018,M12,December,30.47
CES2000000003,Construction,2018,M11,November,30.28
CES2000000003,Construction,2018,M10,October,30.24
CES2000000003,Construction,2018,M09,September,30.20
CES2000000003,Construction,2018,M08,August,30.01
CES2000000003,Construction,2018,M07,July,29.93
CES2000000003,Construction,2018,M06,June,29.75
CES2000000003,Construction,2018,M05,May,29.70
CES2000000003,Construction,2018,M04,April,29.65
CES2000000003,Construction,2018,M03,March,29.51
CES2000000003,Construction,2018,M02,February,29.53
CES2000000003,Construction,2018,M01,January,29.38
CES2000000003,Construction,2017,M12,December,29.29
CES2000000003,Construction,2017,M11,November,29.21
CES2000000003,Construction,2017,M10,October,29.11
CES2000000003,Construction,2017,M09,September,29.13
CES2000000003,Construction,2017,M08,August,28.97
CES2000000003,Construction,2017,M07,July,28.95
CES2000000003,Construction,2017,M06,June,28.90
CES2000000003,Construction,2017,M05,May,28.73
CES2000000003,Construction,2017,M04,April,28.59
CES2000000003,Construction,2017,M03,March,28.64
CES2000000003,Construction,2017,M02,February,28.50
CES2000000003,Construction,2017,M01,January,28.55
CES2000000003,Construction,2016,M12,December,28.43
CES2000000003,Construction,2016,M11,November,28.35
CES2000000003,Construction,2016,M10,October,28.42
CES2000000003,Construction,2016,M09,September,28.21
CES2000000003,Construction,2016,M08,August,28.20
CES2000000003,Construction,2016,M07,July,28.20
CES2000000003,Construction,2016,M06,June,28.12
CES2000000003,Construction,2016,M05,May,28.08
CES2000000003,Construction,2016,M04,April,27.97
CES2000000003,Construction,2016,M03,March,27.87
CES2000000003,Construction,2016,M02,February,27.75
CES2000000003,Construction,2016,M01,January,27.66
CES2000000003,Construction,2015,M12,December,27.62
CES2000000003,Construction,2015,M11,November,27.67
CES2000000003,Construction,2015,M10,October,27.52
CES2000000003,Construction,2015,M09,September,27.35
CES2000000003,Construction,2015,M08,August,27.44
CES2000000003,Construction,2015,M07,July,27.36
CES2000000003,Construction,2015,M06,June,27.34
CES2000000003,Construction,2015,M05,May,27.32
CES2000000003,Construction,2015,M04,April,27.28
CES2000000003,Construction,2015,M03,March,27.24
CES2000000003,Construction,2015,M02,February,27.12
CES2000000003,Construction,2015,M01,January,27.07
CES3000000003,Manufacturing,2024,M12,December,34.56
CES3000000003,Manufacturing,2024,M11,November,34.51
CES3000000003,Manufacturing,2024,M10,October,34.39
CES3000000003,Manufacturing,2024,M09,September,34.29
CES3000000003,Manufacturing,2024,M08,August,34.21
CES3000000003,Manufacturing,2024,M07,July,34.08
CES3000000003,Manufacturing,2024,M06,June,33.99
CES3000000003,Manufacturing,2024,M05,May,33.79
CES3000000003,Manufacturing,2024,M04,April,33.61
CES3000000003,Manufacturing,2024,M03,March,33.57
CES3000000003,Manufacturing,2024,M02,February,33.41
CES3000000003,Manufacturing,2024,M01,January,33.33
CES3000000003,Manufacturing,2023,M12,December,33.23
CES3000000003,Manufacturing,2023,M11,November,33.05
CES3000000003,Manufacturing,2023,M10,October,32.86
CES3000000003,Manufacturing,2023,M09,September,32.77
CES3000000003,Manufacturing,2023,M08,August,32.60
CES3000000003,Manufacturing,2023,M07,July,32.56
CES3000000003,Manufacturing,2023,M06,June,32.38
CES3000000003,Manufacturing,2023,M05,May,32.14
CES3000000003,Manufacturing,2023,M04,April,32.02
CES3000000003,Manufacturing,2023,M03,March,31.84
CES3000000003,Manufacturing,2023,M02,February,31.68
CES3000000003,Manufacturing,2023,M01,January,31.66
CES3000000003,Manufacturing,2022,M12,December,31.48
CES3000000003,Manufacturing,2022,M11,November,31.37
CES3000000003,Manufacturing,2022,M10,October,31.30
CES3000000003,Manufacturing,2022,M09,September,31.13
CES3000000003,Manufacturing,2022,M08,August,31.03
CES3000000003,Manufacturing,2022,M07,July,30.92
CES3000000003,Manufacturing,2022,M06,June,30.81
CES3000000003,Manufacturing,2022,M05,May,30.81
CES3000000003,Manufacturing,2022,M04,April,30.78
CES3000000003,Manufacturing,2022,M03,March,30.59
CES3000000003,Manufacturing,2022,M02,February,30.48
CES3000000003,Manufacturing,2022,M01,January,30.53
CES3000000003,Manufacturing,2021,M12,December,30.34
CES3000000003,Manufacturing,2021,M11,November,30.18
CES3000000003,Manufacturing,2021,M10,October,30.12
CES3000000003,Manufacturing,2021,M09,September,29.98
CES3000000003,Manufacturing,2021,M08,August,29.82
CES3000000003,Manufacturing,2021,M07,July,29.73
CES3000000003,Manufacturing,2021,M06,June,29.60
CES3000000003,Manufacturing,2021,M05,May,29.51
CES3000000003,Manufacturing,2021,M04,April,29.32
CES3000000003,Manufacturing,2021,M03,March,29.17
CES3000000003,Manufacturing,2021,M02,February,29.17
CES3000000003,Manufacturing,2021,M01,January,29.04
CES3000000003,Manufacturing,2020,M12,December,28.99
CES3000000003,Manufacturing,2020,M11,November,28.96
CES3000000003,Manufacturing,2020,M10,October,28.86
CES3000000003,Manufacturing,2020,M09,September,28.85
CES3000000003,Manufacturing,2020,M08,August,28.89
CES3000000003,Manufacturing,2020,M07,July,28.74
CES3000000003,Manufacturing,2020,M06,June,28.64
CES3000000003,Manufacturing,2020,M05,May,29.01
CES3000000003,Manufacturing,2020,M04,April,29.24
CES3000000003,Manufacturing,2020,M03,March,28.39
CES3000000003,Manufacturing,2020,M02,February,28.27
CES3000000003,Manufacturing,2020,M01,January,28.20
CES3000000003,Manufacturing,2019,M12,December,28.14
CES3000000003,Manufacturing,2019,M11,November,28.00
CES3000000003,Manufacturing,2019,M10,October,27.88
CES3000000003,Manufacturing,2019,M09,September,27.83
CES3000000003,Manufacturing,2019,M08,August,27.75
CES3000000003,Manufacturing,2019,M07,July,27.69
CES3000000003,Manufacturing,2019,M06,June,27.65
CES3000000003,Manufacturing,2019,M05,May,27.56
CES3000000003,Manufacturing,2019,M04,April,27.44
CES3000000003,Manufacturing,2019,M03,March,27.48
CES3000000003,Manufacturing,2019,M02,February,27.43
CES3000000003,Manufacturing,2019,M01,January,27.25
CES3000000003,Manufacturing,2018,M12,December,27.28
CES3000000003,Manufacturing,2018,M11,November,27.24
CES3000000003,Manufacturing,2018,M10,October,27.13
CES3000000003,Manufacturing,2018,M09,September,27.09
CES3000000003,Manufacturing,2018,M08,August,27.05
CES3000000003,Manufacturing,2018,M07,July,26.98
CES3000000003,Manufacturing,2018,M06,June,26.99
CES3000000003,Manufacturing,2018,M05,May,26.93
CES3000000003,Manufacturing,2018,M04,April,26.94
CES3000000003,Manufacturing,2018,M03,March,26.91
CES3000000003,Manufacturing,2018,M02,February,26.83
CES3000000003,Manufacturing,2018,M01,January,26.84
CES3000000003,Manufacturing,2017,M12,December,26.75
CES3000000003,Manufacturing,2017,M11,November,26.72
CES3000000003,Manufacturing,2017,M10,October,26.72
CES3000000003,Manufacturing,2017,M09,September,26.69
CES3000000003,Manufacturing,2017,M08,August,26.56
CES3000000003,Manufacturing,2017,M07,July,26.63
CES3000000003,Manufacturing,2017,M06,June,26.52
CES3000000003,Manufacturing,2017,M05,May,26.50
CES3000000003,Manufacturing,2017,M04,April,26.53
CES3000000003,Manufacturing,2017,M03,March,26.40
CES3000000003,Manufacturing,2017,M02,February,26.39
CES3000000003,Manufacturing,2017,M01,January,26.36
CES3000000003,Manufacturing,2016,M12,December,26.30
CES3000000003,Manufacturing,2016,M11,November,26.23
CES3000000003,Manufacturing,2016,M10,October,26.26
CES3000000003,Manufacturing,2016,M09,September,26.11
CES3000000003,Manufacturing,2016,M08,August,26.10
CES3000000003,Manufacturing,2016,M07,July,26.00
CES3000000003,Manufacturing,2016,M06,June,25.97
CES3000000003,Manufacturing,2016,M05,May,25.95
CES3000000003,Manufacturing,2016,M04,April,25.85
CES3000000003,Manufacturing,2016,M03,March,25.74
CES3000000003,Manufacturing,2016,M02,February,25.64
CES3000000003,Manufacturing,2016,M01,January,25.59
CES3000000003,Manufacturing,2015,M12,December,25.51
CES3000000003,Manufacturing,2015,M11,November,25.49
CES3000000003,Manufacturing,2015,M10,October,25.41
CES3000000003,Manufacturing,2015,M09,September,25.38
CES3000000003,Manufacturing,2015,M08,August,25.35
CES3000000003,Manufacturing,2015,M07,July,25.21
CES3000000003,Manufacturing,2015,M06,June,25.12
CES3000000003,Manufacturing,2015,M05,May,25.14
CES3000000003,Manufacturing,2015,M04,April,25.10
CES3000000003,Manufacturing,2015,M03,March,25.08
CES3000000003,Manufacturing,2015,M02,February,25.02
CES3000000003,Manufacturing,2015,M01,January,24.97
CES4000000003,"Trade, Transportation, and Utilities",2024,M12,December,30.31
CES4000000003,"Trade, Transportation, and Utilities",2024,M11,November,30.35
CES4000000003,"Trade, Transportation, and Utilities",2024,M10,October,30.22
CES4000000003,"Trade, Transportation, and Utilities",2024,M09,September,30.11
CES4000000003,"Trade, Transportation, and Utilities",2024,M08,August,30.07
CES4000000003,"Trade, Transportation, and Utilities",2024,M07,July,29.96
CES4000000003,"Trade, Transportation, and Utilities",2024,M06,June,29.96
CES4000000003,"Trade, Transportation, and Utilities",2024,M05,May,29.92
CES4000000003,"Trade, Transportation, and Utilities",2024,M04,April,29.82
CES4000000003,"Trade, Transportation, and Utilities",2024,M03,March,29.78
CES4000000003,"Trade, Transportation, and Utilities",2024,M02,February,29.76
CES4000000003,"Trade, Transportation, and Utilities",2024,M01,January,29.70
CES4000000003,"Trade, Transportation, and Utilities",2023,M12,December,29.57
CES4000000003,"Trade, Transportation, and Utilities",2023,M11,November,29.36
CES4000000003,"Trade, Transportation, and Utilities",2023,M10,October,29.31
CES4000000003,"Trade, Transportation, and Utilities",2023,M09,September,29.35
CES4000000003,"Trade, Transportation, and Utilities",2023,M08,August,29.22
CES4000000003,"Trade, Transportation, and Utilities",2023,M07,July,29.14
CES4000000003,"Trade, Transportation, and Utilities",2023,M06,June,29.07
CES4000000003,"Trade, Transportation, and Utilities",2023,M05,May,28.87
CES4000000003,"Trade, Transportation, and Utilities",2023,M04,April,28.82
CES4000000003,"Trade, Transportation, and Utilities",2023,M03,March,28.65
CES4000000003,"Trade, Transportation, and Utilities",2023,M02,February,28.64
CES4000000003,"Trade, Transportation, and Utilities",2023,M01,January,28.44
CES4000000003,"Trade, Transportation, and Utilities",2022,M12,December,28.30
CES4000000003,"Trade, Transportation, and Utilities",2022,M11,November,28.24
CES4000000003,"Trade, Transportation, and Utilities",2022,M10,October,28.15
CES4000000003,"Trade, Transportation, and Utilities",2022,M09,September,27.97
CES4000000003,"Trade, Transportation, and Utilities",2022,M08,August,27.85
CES4000000003,"Trade, Transportation, and Utilities",2022,M07,July,27.80
CES4000000003,"Trade, Transportation, and Utilities",2022,M06,June,27.63
CES4000000003,"Trade, Transportation, and Utilities",2022,M05,May,27.60
CES4000000003,"Trade, Transportation, and Utilities",2022,M04,April,27.45
CES4000000003,"Trade, Transportation, and Utilities",2022,M03,March,27.40
CES4000000003,"Trade, Transportation, and Utilities",2022,M02,February,27.21
CES4000000003,"Trade, Transportation, and Utilities",2022,M01,January,27.17
CES4000000003,"Trade, Transportation, and Utilities",2021,M12,December,27.03
CES4000000003,"Trade, Transportation, and Utilities",2021,M11,November,26.88
CES4000000003,"Trade, Transportation, and Utilities",2021,M10,October,26.74
CES4000000003,"Trade, Transportation, and Utilities",2021,M09,September,26.64
CES4000000003,"Trade, Transportation, and Utilities",2021,M08,August,26.52
CES4000000003,"Trade, Transportation, and Utilities",2021,M07,July,26.46
CES4000000003,"Trade, Transportation, and Utilities",2021,M06,June,26.31
CES4000000003,"Trade, Transportation, and Utilities",2021,M05,May,26.14
CES4000000003,"Trade, Transportation, and Utilities",2021,M04,April,25.95
CES4000000003,"Trade, Transportation, and Utilities",2021,M03,March,25.74
CES4000000003,"Trade, Transportation, and Utilities",2021,M02,February,25.63
CES4000000003,"Trade, Transportation, and Utilities",2021,M01,January,25.68
CES4000000003,"Trade, Transportation, and Utilities",2020,M12,December,25.70
CES4000000003,"Trade, Transportation, and Utilities",2020,M11,November,25.52
CES4000000003,"Trade, Transportation, and Utilities",2020,M10,October,25.41
CES4000000003,"Trade, Transportation, and Utilities",2020,M09,September,25.45
CES4000000003,"Trade, Transportation, and Utilities",2020,M08,August,25.36
CES4000000003,"Trade, Transportation, and Utilities",2020,M07,July,25.24
CES4000000003,"Trade, Transportation, and Utilities",2020,M06,June,25.01
CES4000000003,"Trade, Transportation, and Utilities",2020,M05,May,25.28
CES4000000003,"Trade, Transportation, and Utilities",2020,M04,April,25.61
CES4000000003,"Trade, Transportation, and Utilities",2020,M03,March,24.83
CES4000000003,"Trade, Transportation, and Utilities",2020,M02,February,24.69
CES4000000003,"Trade, Transportation, and Utilities",2020,M01,January,24.61
CES4000000003,"Trade, Transportation, and Utilities",2019,M12,December,24.52
CES4000000003,"Trade, Transportation, and Utilities",2019,M11,November,24.52
CES4000000003,"Trade, Transportation, and Utilities",2019,M10,October,24.42
CES4000000003,"Trade, Transportation, and Utilities",2019,M09,September,24.37
CES4000000003,"Trade, Transportation, and Utilities",2019,M08,August,24.34
CES4000000003,"Trade, Transportation, and Utilities",2019,M07,July,24.23
CES4000000003,"Trade, Transportation, and Utilities",2019,M06,June,24.20
CES4000000003,"Trade, Transportation, and Utilities",2019,M05,May,24.12
CES4000000003,"Trade, Transportation, and Utilities",2019,M04,April,24.00
CES4000000003,"Trade, Transportation, and Utilities",2019,M03,March,24.03
CES4000000003,"Trade, Transportation, and Utilities",2019,M02,February,23.93
CES4000000003,"Trade, Transportation, and Utilities",2019,M01,January,23.80
CES4000000003,"Trade, Transportation, and Utilities",2018,M12,December,23.81
CES4000000003,"Trade, Transportation, and Utilities",2018,M11,November,23.60
CES4000000003,"Trade, Transportation, and Utilities",2018,M10,October,23.58
CES4000000003,"Trade, Transportation, and Utilities",2018,M09,September,23.51
CES4000000003,"Trade, Transportation, and Utilities",2018,M08,August,23.41
CES4000000003,"Trade, Transportation, and Utilities",2018,M07,July,23.29
CES4000000003,"Trade, Transportation, and Utilities",2018,M06,June,23.22
CES4000000003,"Trade, Transportation, and Utilities",2018,M05,May,23.21
CES4000000003,"Trade, Transportation, and Utilities",2018,M04,April,23.13
CES4000000003,"Trade, Transportation, and Utilities",2018,M03,March,23.06
CES4000000003,"Trade, Transportation, and Utilities",2018,M02,February,23.00
CES4000000003,"Trade, Transportation, and Utilities",2018,M01,January,22.96
CES4000000003,"Trade, Transportation, and Utilities",2017,M12,December,22.93
CES4000000003,"Trade, Transportation, and Utilities",2017,M11,November,22.86
CES4000000003,"Trade, Transportation, and Utilities",2017,M10,October,22.83
CES4000000003,"Trade, Transportation, and Utilities",2017,M09,September,22.82
CES4000000003,"Trade, Transportation, and Utilities",2017,M08,August,22.75
CES4000000003,"Trade, Transportation, and Utilities",2017,M07,July,22.76
CES4000000003,"Trade, Transportation, and Utilities",2017,M06,June,22.70
CES4000000003,"Trade, Transportation, and Utilities",2017,M05,May,22.64
CES4000000003,"Trade, Transportation, and Utilities",2017,M04,April,22.58
CES4000000003,"Trade, Transportation, and Utilities",2017,M03,March,22.56
CES4000000003,"Trade, Transportation, and Utilities",2017,M02,February,22.54
CES4000000003,"Trade, Transportation, and Utilities",2017,M01,January,22.52
CES4000000003,"Trade, Transportation, and Utilities",2016,M12,December,22.41
CES4000000003,"Trade, Transportation, and Utilities",2016,M11,November,22.50
CES4000000003,"Trade, Transportation, and Utilities",2016,M10,October,22.49
CES4000000003,"Trade, Transportation, and Utilities",2016,M09,September,22.36
CES4000000003,"Trade, Transportation, and Utilities",2016,M08,August,22.32
CES4000000003,"Trade, Transportation, and Utilities",2016,M07,July,22.30
CES4000000003,"Trade, Transportation, and Utilities",2016,M06,June,22.27
CES4000000003,"Trade, Transportation, and Utilities",2016,M05,May,22.20
CES4000000003,"Trade, Transportation, and Utilities",2016,M04,April,22.17
CES4000000003,"Trade, Transportation, and Utilities",2016,M03,March,22.13
CES4000000003,"Trade, Transportation, and Utilities",2016,M02,February,22.02
CES4000000003,"Trade, Transportation, and Utilities",2016,M01,January,22.01
CES4000000003,"Trade, Transportation, and Utilities",2015,M12,December,21.96
CES4000000003,"Trade, Transportation, and Utilities",2015,M11,November,21.95
CES4000000003,"Trade, Transportation, and Utilities",2015,M10,October,21.94
CES4000000003,"Trade, Transportation, and Utilities",2015,M09,September,21.83
CES4000000003,"Trade, Transportation, and Utilities",2015,M08,August,21.81
CES4000000003,"Trade, Transportation, and Utilities",2015,M07,July,21.75
CES4000000003,"Trade, Transportation, and Utilities",2015,M06,June,21.68
CES4000000003,"Trade, Transportation, and Utilities",2015,M05,May,21.71
CES4000000003,"Trade, Transportation, and Utilities",2015,M04,April,21.65
CES4000000003,"Trade, Transportation, and Utilities",2015,M03,March,21.59
CES4000000003,"Trade, Transportation, and Utilities",2015,M02,February,21.61
CES4000000003,"Trade, Transportation, and Utilities",2015,M01,January,21.54
CES5000000003,Information,2024,M12,December,51.28
CES5000000003,Information,2024,M11,November,51.29
CES5000000003,Information,2024,M10,October,51.19
CES5000000003,Information,2024,M09,September,50.57
CES5000000003,Information,2024,M08,August,50.44
CES5000000003,Information,2024,M07,July,49.99
CES5000000003,Information,2024,M06,June,49.71
CES5000000003,Information,2024,M05,May,49.47
CES5000000003,Information,2024,M04,April,49.43
CES5000000003,Information,2024,M03,March,49.37
CES5000000003,Information,2024,M02,February,49.14
CES5000000003,Information,2024,M01,January,49.10
CES5000000003,Information,2023,M12,December,49.10
CES5000000003,Information,2023,M11,November,48.92
CES5000000003,Information,2023,M10,October,48.68
CES5000000003,Information,2023,M09,September,48.59
CES5000000003,Information,2023,M08,August,48.37
CES5000000003,Information,2023,M07,July,48.47
CES5000000003,Information,2023,M06,June,48.36
CES5000000003,Information,2023,M05,May,48.33
CES5000000003,Information,2023,M04,April,48.06
CES5000000003,Information,2023,M03,March,48.14
CES5000000003,Information,2023,M02,February,47.95
CES5000000003,Information,2023,M01,January,47.75
CES5000000003,Information,2022,M12,December,47.66
CES5000000003,Information,2022,M11,November,47.31
CES5000000003,Information,2022,M10,October,47.58
CES5000000003,Information,2022,M09,September,47.88
CES5000000003,Information,2022,M08,August,47.24
CES5000000003,Information,2022,M07,July,46.70
CES5000000003,Information,2022,M06,June,46.54
CES5000000003,Information,2022,M05,May,46.24
CES5000000003,Information,2022,M04,April,45.88
CES5000000003,Information,2022,M03,March,45.44
CES5000000003,Information,2022,M02,February,45.37
CES5000000003,Information,2022,M01,January,45.09
CES5000000003,Information,2021,M12,December,44.92
CES5000000003,Information,2021,M11,November,44.57
CES5000000003,Information,2021,M10,October,44.46
CES5000000003,Information,2021,M09,September,44.44
CES5000000003,Information,2021,M08,August,44.42
CES5000000003,Information,2021,M07,July,44.46
CES5000000003,Information,2021,M06,June,44.34
CES5000000003,Information,2021,M05,May,44.34
CES5000000003,Information,2021,M04,April,44.39
CES5000000003,Information,2021,M03,March,44.03
CES5000000003,Information,2021,M02,February,44.59
CES5000000003,Information,2021,M01,January,44.38
CES5000000003,Information,2020,M12,December,44.23
CES5000000003,Information,2020,M11,November,44.52
CES5000000003,Information,2020,M10,October,44.59
CES5000000003,Information,2020,M09,September,43.90
CES5000000003,Information,2020,M08,August,44.16
CES5000000003,Information,2020,M07,July,44.29
CES5000000003,Information,2020,M06,June,43.46
CES5000000003,Information,2020,M05,May,43.74
CES5000000003,Information,2020,M04,April,43.79
CES5000000003,Information,2020,M03,March,43.07
CES5000000003,Information,2020,M02,February,42.93
CES5000000003,Information,2020,M01,January,42.86
CES5000000003,Information,2019,M12,December,42.69
CES5000000003,Information,2019,M11,November,42.64
CES5000000003,Information,2019,M10,October,42.34
CES5000000003,Information,2019,M09,September,42.22
CES5000000003,Information,2019,M08,August,42.94
CES5000000003,Information,2019,M07,July,42.23
CES5000000003,Information,2019,M06,June,42.01
CES5000000003,Information,2019,M05,May,41.98
CES5000000003,Information,2019,M04,April,41.82
CES5000000003,Information,2019,M03,March,42.08
CES5000000003,Information,2019,M02,February,41.73
CES5000000003,Information,2019,M01,January,41.71
CES5000000003,Information,2018,M12,December,41.54
CES5000000003,Information,2018,M11,November,41.14
CES5000000003,Information,2018,M10,October,40.88
CES5000000003,Information,2018,M09,September,40.62
CES5000000003,Information,2018,M08,August,40.16
CES5000000003,Information,2018,M07,July,39.79
CES5000000003,Information,2018,M06,June,39.82
CES5000000003,Information,2018,M05,May,39.62
CES5000000003,Information,2018,M04,April,39.45
CES5000000003,Information,2018,M03,March,39.32
CES5000000003,Information,2018,M02,February,39.15
CES5000000003,Information,2018,M01,January,38.95
CES5000000003,Information,2017,M12,December,38.85
CES5000000003,Information,2017,M11,November,38.66
CES5000000003,Information,2017,M10,October,38.59
CES5000000003,Information,2017,M09,September,38.55
CES5000000003,Information,2017,M08,August,38.60
CES5000000003,Information,2017,M07,July,38.68
CES5000000003,Information,2017,M06,June,38.49
CES5000000003,Information,2017,M05,May,38.18
CES5000000003,Information,2017,M04,April,38.06
CES5000000003,Information,2017,M03,March,37.60
CES5000000003,Information,2017,M02,February,37.63
CES5000000003,Information,2017,M01,January,37.54
CES5000000003,Information,2016,M12,December,37.52
CES5000000003,Information,2016,M11,November,37.43
CES5000000003,Information,2016,M10,October,37.49
CES5000000003,Information,2016,M09,September,37.01
CES5000000003,Information,2016,M08,August,36.77
CES5000000003,Information,2016,M07,July,36.62
CES5000000003,Information,2016,M06,June,36.52
CES5000000003,Information,2016,M05,May,36.57
CES5000000003,Information,2016,M04,April,36.25
CES5000000003,Information,2016,M03,March,36.11
CES5000000003,Information,2016,M02,February,36.28
CES5000000003,Information,2016,M01,January,36.05
CES5000000003,Information,2015,M12,December,35.86
CES5000000003,Information,2015,M11,November,35.77
CES5000000003,Information,2015,M10,October,35.55
CES5000000003,Information,2015,M09,September,35.39
CES5000000003,Information,2015,M08,August,35.32
CES5000000003,Information,2015,M07,July,35.00
CES5000000003,Information,2015,M06,June,34.94
CES5000000003,Information,2015,M05,May,34.89
CES5000000003,Information,2015,M04,April,34.74
CES5000000003,Information,2015,M03,March,34.69
CES5000000003,Information,2015,M02,February,34.64
CES5000000003,Information,2015,M01,January,34.53
CES5500000003,Financial Activities,2024,M12,December,46.47
CES5500000003,Financial Activities,2024,M11,November,46.19
CES5500000003,Financial Activities,2024,M10,October,46.07
CES5500000003,Financial Activities,2024,M09,September,45.97
CES5500000003,Financial Activities,2024,M08,August,45.90
CES5500000003,Financial Activities,2024,M07,July,45.59
CES5500000003,Financial Activities,2024,M06,June,45.58
CES5500000003,Financial Activities,2024,M05,May,45.46
CES5500000003,Financial Activities,2024,M04,April,45.26
CES5500000003,Financial Activities,2024,M03,March,45.07
CES5500000003,Financial Activities,2024,M02,February,44.96
CES5500000003,Financial Activities,2024,M01,January,44.79
CES5500000003,Financial Activities,2023,M12,December,44.52
CES5500000003,Financial Activities,2023,M11,November,44.42
CES5500000003,Financial Activities,2023,M10,October,44.23
CES5500000003,Financial Activities,2023,M09,September,44.12
CES5500000003,Financial Activities,2023,M08,August,43.90
CES5500000003,Financial Activities,2023,M07,July,43.59
CES5500000003,Financial Activities,2023,M06,June,43.26
CES5500000003,Financial Activities,2023,M05,May,42.92
CES5500000003,Financial Activities,2023,M04,April,42.73
CES5500000003,Financial Activities,2023,M03,March,42.69
CES5500000003,Financial Activities,2023,M02,February,42.53
CES5500000003,Financial Activities,2023,M01,January,42.49
CES5500000003,Financial Activities,2022,M12,December,42.39
CES5500000003,Financial Activities,2022,M11,November,42.11
CES5500000003,Financial Activities,2022,M10,October,42.03
CES5500000003,Financial Activities,2022,M09,September,41.96
CES5500000003,Financial Activities,2022,M08,August,41.69
CES5500000003,Financial Activities,2022,M07,July,41.63
CES5500000003,Financial Activities,2022,M06,June,41.47
CES5500000003,Financial Activities,2022,M05,May,41.26
CES5500000003,Financial Activities,2022,M04,April,41.19
CES5500000003,Financial Activities,2022,M03,March,41.04
CES5500000003,Financial Activities,2022,M02,February,40.77
CES5500000003,Financial Activities,2022,M01,January,40.86
CES5500000003,Financial Activities,2021,M12,December,40.71
CES5500000003,Financial Activities,2021,M11,November,40.70
CES5500000003,Financial Activities,2021,M10,October,40.52
CES5500000003,Financial Activities,2021,M09,September,40.19
CES5500000003,Financial Activities,2021,M08,August,40.15
CES5500000003,Financial Activities,2021,M07,July,40.20
CES5500000003,Financial Activities,2021,M06,June,40.11
CES5500000003,Financial Activities,2021,M05,May,40.26
CES5500000003,Financial Activities,2021,M04,April,39.91
CES5500000003,Financial Activities,2021,M03,March,39.78
CES5500000003,Financial Activities,2021,M02,February,39.62
CES5500000003,Financial Activities,2021,M01,January,39.23
CES5500000003,Financial Activities,2020,M12,December,39.07
CES5500000003,Financial Activities,2020,M11,November,38.84
CES5500000003,Financial Activities,2020,M10,October,38.70
CES5500000003,Financial Activities,2020,M09,September,38.30
CES5500000003,Financial Activities,2020,M08,August,38.20
CES5500000003,Financial Activities,2020,M07,July,37.76
CES5500000003,Financial Activities,2020,M06,June,37.79
CES5500000003,Financial Activities,2020,M05,May,37.57
CES5500000003,Financial Activities,2020,M04,April,37.33
CES5500000003,Financial Activities,2020,M03,March,36.92
CES5500000003,Financial Activities,2020,M02,February,36.95
CES5500000003,Financial Activities,2020,M01,January,36.69
CES5500000003,Financial Activities,2019,M12,December,36.53
CES5500000003,Financial Activities,2019,M11,November,36.39
CES5500000003,Financial Activities,2019,M10,October,36.15
CES5500000003,Financial Activities,2019,M09,September,36.09
CES5500000003,Financial Activities,2019,M08,August,36.15
CES5500000003,Financial Activities,2019,M07,July,35.96
CES5500000003,Financial Activities,2019,M06,June,35.93
CES5500000003,Financial Activities,2019,M05,May,35.77
CES5500000003,Financial Activities,2019,M04,April,35.70
CES5500000003,Financial Activities,2019,M03,March,35.52
CES5500000003,Financial Activities,2019,M02,February,35.49
CES5500000003,Financial Activities,2019,M01,January,35.47
CES5500000003,Financial Activities,2018,M12,December,35.35
CES5500000003,Financial Activities,2018,M11,November,35.25
CES5500000003,Financial Activities,2018,M10,October,35.01
CES5500000003,Financial Activities,2018,M09,September,35.12
CES5500000003,Financial Activities,2018,M08,August,34.88
CES5500000003,Financial Activities,2018,M07,July,34.76
CES5500000003,Financial Activities,2018,M06,June,34.62
CES5500000003,Financial Activities,2018,M05,May,34.62
CES5500000003,Financial Activities,2018,M04,April,34.47
CES5500000003,Financial Activities,2018,M03,March,34.40
CES5500000003,Financial Activities,2018,M02,February,34.21
CES5500000003,Financial Activities,2018,M01,January,34.29
CES5500000003,Financial Activities,2017,M12,December,34.02
CES5500000003,Financial Activities,2017,M11,November,33.68
CES5500000003,Financial Activities,2017,M10,October,33.79
CES5500000003,Financial Activities,2017,M09,September,33.54
CES5500000003,Financial Activities,2017,M08,August,33.33
CES5500000003,Financial Activities,2017,M07,July,33.19
CES5500000003,Financial Activities,2017,M06,June,33.04
CES5500000003,Financial Activities,2017,M05,May,32.86
CES5500000003,Financial Activities,2017,M04,April,32.91
CES5500000003,Financial Activities,2017,M03,March,32.75
CES5500000003,Financial Activities,2017,M02,February,32.82
CES5500000003,Financial Activities,2017,M01,January,32.62
CES5500000003,Financial Activities,2016,M12,December,32.68
CES5500000003,Financial Activities,2016,M11,November,32.60
CES5500000003,Financial Activities,2016,M10,October,32.53
CES5500000003,Financial Activities,2016,M09,September,32.59
CES5500000003,Financial Activities,2016,M08,August,32.47
CES5500000003,Financial Activities,2016,M07,July,32.44
CES5500000003,Financial Activities,2016,M06,June,32.17
CES5500000003,Financial Activities,2016,M05,May,32.15
CES5500000003,Financial Activities,2016,M04,April,32.13
CES5500000003,Financial Activities,2016,M03,March,32.15
CES5500000003,Financial Activities,2016,M02,February,32.00
CES5500000003,Financial Activities,2016,M01,January,32.08
CES5500000003,Financial Activities,2015,M12,December,31.81
CES5500000003,Financial Activities,2015,M11,November,31.74
CES5500000003,Financial Activities,2015,M10,October,31.73
CES5500000003,Financial Activities,2015,M09,September,31.69
CES5500000003,Financial Activities,2015,M08,August,31.61
CES5500000003,Financial Activities,2015,M07,July,31.52
CES5500000003,Financial Activities,2015,M06,June,31.55
CES5500000003,Financial Activities,2015,M05,May,31.54
CES5500000003,Financial Activities,2015,M04,April,31.34
CES5500000003,Financial Activities,2015,M03,March,31.32
CES5500000003,Financial Activities,2015,M02,February,31.19
CES5500000003,Financial Activities,2015,M01,January,31.11
CES6000000003,Professional and Business Services,2024,M12,December,43.31
CES6000000003,Professional and Business Services,2024,M11,November,43.13
CES6000000003,Professional and Business Services,2024,M10,October,42.91
CES6000000003,Professional and Business Services,2024,M09,September,42.70
CES6000000003,Professional and Business Services,2024,M08,August,42.43
CES6000000003,Professional and Business Services,2024,M07,July,42.23
CES6000000003,Professional and Business Services,2024,M06,June,42.19
CES6000000003,Professional and Business Services,2024,M05,May,41.99
CES6000000003,Professional and Business Services,2024,M04,April,41.84
CES6000000003,Professional and Business Services,2024,M03,March,41.68
CES6000000003,Professional and Business Services,2024,M02,February,41.47
CES6000000003,Professional and Business Services,2024,M01,January,41.41
CES6000000003,Professional and Business Services,2023,M12,December,41.18
CES6000000003,Professional and Business Services,2023,M11,November,41.03
CES6000000003,Professional and Business Services,2023,M10,October,40.90
CES6000000003,Professional and Business Services,2023,M09,September,40.78
CES6000000003,Professional and Business Services,2023,M08,August,40.71
CES6000000003,Professional and Business Services,2023,M07,July,40.75
CES6000000003,Professional and Business Services,2023,M06,June,40.51
CES6000000003,Professional and Business Services,2023,M05,May,40.30
CES6000000003,Professional and Business Services,2023,M04,April,40.26
CES6000000003,Professional and Business Services,2023,M03,March,40.01
CES6000000003,Professional and Business Services,2023,M02,February,39.85
CES6000000003,Professional and Business Services,2023,M01,January,39.68
CES6000000003,Professional and Business Services,2022,M12,December,39.53
CES6000000003,Professional and Business Services,2022,M11,November,39.39
CES6000000003,Professional and Business Services,2022,M10,October,39.24
CES6000000003,Professional and Business Services,2022,M09,September,39.08
CES6000000003,Professional and Business Services,2022,M08,August,39.00
CES6000000003,Professional and Business Services,2022,M07,July,38.92
CES6000000003,Professional and Business Services,2022,M06,June,38.74
CES6000000003,Professional and Business Services,2022,M05,May,38.64
CES6000000003,Professional and Business Services,2022,M04,April,38.51
CES6000000003,Professional and Business Services,2022,M03,March,38.25
CES6000000003,Professional and Business Services,2022,M02,February,38.02
CES6000000003,Professional and Business Services,2022,M01,January,37.88
CES6000000003,Professional and Business Services,2021,M12,December,37.64
CES6000000003,Professional and Business Services,2021,M11,November,37.38
CES6000000003,Professional and Business Services,2021,M10,October,37.31
CES6000000003,Professional and Business Services,2021,M09,September,37.09
CES6000000003,Professional and Business Services,2021,M08,August,36.89
CES6000000003,Professional and Business Services,2021,M07,July,36.72
CES6000000003,Professional and Business Services,2021,M06,June,36.61
CES6000000003,Professional and Business Services,2021,M05,May,36.25
CES6000000003,Professional and Business Services,2021,M04,April,35.99
CES6000000003,Professional and Business Services,2021,M03,March,35.73
CES6000000003,Professional and Business Services,2021,M02,February,35.80
CES6000000003,Professional and Business Services,2021,M01,January,35.51
CES6000000003,Professional and Business Services,2020,M12,December,35.47
CES6000000003,Professional and Business Services,2020,M11,November,35.31
CES6000000003,Professional and Business Services,2020,M10,October,35.30
CES6000000003,Professional and Business Services,2020,M09,September,35.36
CES6000000003,Professional and Business Services,2020,M08,August,35.21
CES6000000003,Professional and Business Services,2020,M07,July,35.08
CES6000000003,Professional and Business Services,2020,M06,June,35.24
CES6000000003,Professional and Business Services,2020,M05,May,35.45
CES6000000003,Professional and Business Services,2020,M04,April,35.75
CES6000000003,Professional and Business Services,2020,M03,March,34.45
CES6000000003,Professional and Business Services,2020,M02,February,34.44
CES6000000003,Professional and Business Services,2020,M01,January,34.30
CES6000000003,Professional and Business Services,2019,M12,December,34.27
CES6000000003,Professional and Business Services,2019,M11,November,34.17
CES6000000003,Professional and Business Services,2019,M10,October,34.06
CES6000000003,Professional and Business Services,2019,M09,September,33.96
CES6000000003,Professional and Business Services,2019,M08,August,33.86
CES6000000003,Professional and Business Services,2019,M07,July,33.76
CES6000000003,Professional and Business Services,2019,M06,June,33.64
CES6000000003,Professional and Business Services,2019,M05,May,33.51
CES6000000003,Professional and Business Services,2019,M04,April,33.41
CES6000000003,Professional and Business Services,2019,M03,March,33.31
CES6000000003,Professional and Business Services,2019,M02,February,33.22
CES6000000003,Professional and Business Services,2019,M01,January,33.08
CES6000000003,Professional and Business Services,2018,M12,December,33.06
CES6000000003,Professional and Business Services,2018,M11,November,32.93
CES6000000003,Professional and Business Services,2018,M10,October,32.87
CES6000000003,Professional and Business Services,2018,M09,September,32.84
CES6000000003,Professional and Business Services,2018,M08,August,32.79
CES6000000003,Professional and Business Services,2018,M07,July,32.60
CES6000000003,Professional and Business Services,2018,M06,June,32.48
CES6000000003,Professional and Business Services,2018,M05,May,32.39
CES6000000003,Professional and Business Services,2018,M04,April,32.28
CES6000000003,Professional and Business Services,2018,M03,March,32.22
CES6000000003,Professional and Business Services,2018,M02,February,32.11
CES6000000003,Professional and Business Services,2018,M01,January,32.15
CES6000000003,Professional and Business Services,2017,M12,December,31.97
CES6000000003,Professional and Business Services,2017,M11,November,31.89
CES6000000003,Professional and Business Services,2017,M10,October,31.84
CES6000000003,Professional and Business Services,2017,M09,September,31.85
CES6000000003,Professional and Business Services,2017,M08,August,31.66
CES6000000003,Professional and Business Services,2017,M07,July,31.62
CES6000000003,Professional and Business Services,2017,M06,June,31.53
CES6000000003,Professional and Business Services,2017,M05,May,31.52
CES6000000003,Professional and Business Services,2017,M04,April,31.57
CES6000000003,Professional and Business Services,2017,M03,March,31.51
CES6000000003,Professional and Business Services,2017,M02,February,31.36
CES6000000003,Professional and Business Services,2017,M01,January,31.24
CES6000000003,Professional and Business Services,2016,M12,December,31.16
CES6000000003,Professional and Business Services,2016,M11,November,31.12
CES6000000003,Professional and Business Services,2016,M10,October,31.14
CES6000000003,Professional and Business Services,2016,M09,September,30.97
CES6000000003,Professional and Business Services,2016,M08,August,30.92
CES6000000003,Professional and Business Services,2016,M07,July,30.93
CES6000000003,Professional and Business Services,2016,M06,June,30.87
CES6000000003,Professional and Business Services,2016,M05,May,30.80
CES6000000003,Professional and Business Services,2016,M04,April,30.70
CES6000000003,Professional and Business Services,2016,M03,March,30.55
CES6000000003,Professional and Business Services,2016,M02,February,30.57
CES6000000003,Professional and Business Services,2016,M01,January,30.56
CES6000000003,Professional and Business Services,2015,M12,December,30.29
CES6000000003,Professional and Business Services,2015,M11,November,30.43
CES6000000003,Professional and Business Services,2015,M10,October,30.35
CES6000000003,Professional and Business Services,2015,M09,September,30.28
CES6000000003,Professional and Business Services,2015,M08,August,30.23
CES6000000003,Professional and Business Services,2015,M07,July,30.12
CES6000000003,Professional and Business Services,2015,M06,June,30.07
CES6000000003,Professional and Business Services,2015,M05,May,30.05
CES6000000003,Professional and Business Services,2015,M04,April,29.97
CES6000000003,Professional and Business Services,2015,M03,March,29.89
CES6000000003,Professional and Business Services,2015,M02,February,29.80
CES6000000003,Professional and Business Services,2015,M01,January,29.78
CES6500000003,Private Education and Health Services,2024,M12,December,35.01
CES6500000003,Private Education and Health Services,2024,M11,November,34.87
CES6500000003,Private Education and Health Services,2024,M10,October,34.72
CES6500000003,Private Education and Health Services,2024,M09,September,34.66
CES6500000003,Private Education and Health Services,2024,M08,August,34.51
CES6500000003,Private Education and Health Services,2024,M07,July,34.41
CES6500000003,Private Education and Health Services,2024,M06,June,34.32
CES6500000003,Private Education and Health Services,2024,M05,May,34.16
CES6500000003,Private Education and Health Services,2024,M04,April,34.04
CES6500000003,Private Education and Health Services,2024,M03,March,33.93
CES6500000003,Private Education and Health Services,2024,M02,February,33.77
CES6500000003,Private Education and Health Services,2024,M01,January,33.72
CES6500000003,Private Education and Health Services,2023,M12,December,33.56
CES6500000003,Private Education and Health Services,2023,M11,November,33.51
CES6500000003,Private Education and Health Services,2023,M10,October,33.51
CES6500000003,Private Education and Health Services,2023,M09,September,33.44
CES6500000003,Private Education and Health Services,2023,M08,August,33.29
CES6500000003,Private Education and Health Services,2023,M07,July,33.23
CES6500000003,Private Education and Health Services,2023,M06,June,33.10
CES6500000003,Private Education and Health Services,2023,M05,May,32.99
CES6500000003,Private Education and Health Services,2023,M04,April,32.93
CES6500000003,Private Education and Health Services,2023,M03,March,32.84
CES6500000003,Private Education and Health Services,2023,M02,February,32.66
CES6500000003,Private Education and Health Services,2023,M01,January,32.63
CES6500000003,Private Education and Health Services,2022,M12,December,32.57
CES6500000003,Private Education and Health Services,2022,M11,November,32.45
CES6500000003,Private Education and Health Services,2022,M10,October,32.28
CES6500000003,Private Education and Health Services,2022,M09,September,32.11
CES6500000003,Private Education and Health Services,2022,M08,August,32.10
CES6500000003,Private Education and Health Services,2022,M07,July,32.02
CES6500000003,Private Education and Health Services,2022,M06,June,31.83
CES6500000003,Private Education and Health Services,2022,M05,May,31.66
CES6500000003,Private Education and Health Services,2022,M04,April,31.53
CES6500000003,Private Education and Health Services,2022,M03,March,31.41
CES6500000003,Private Education and Health Services,2022,M02,February,31.33
CES6500000003,Private Education and Health Services,2022,M01,January,31.27
CES6500000003,Private Education and Health Services,2021,M12,December,31.03
CES6500000003,Private Education and Health Services,2021,M11,November,30.85
CES6500000003,Private Education and Health Services,2021,M10,October,30.71
CES6500000003,Private Education and Health Services,2021,M09,September,30.56
CES6500000003,Private Education and Health Services,2021,M08,August,30.14
CES6500000003,Private Education and Health Services,2021,M07,July,30.00
CES6500000003,Private Education and Health Services,2021,M06,June,29.85
CES6500000003,Private Education and Health Services,2021,M05,May,29.74
CES6500000003,Private Education and Health Services,2021,M04,April,29.65
CES6500000003,Private Education and Health Services,2021,M03,March,29.43
CES6500000003,Private Education and Health Services,2021,M02,February,29.42
CES6500000003,Private Education and Health Services,2021,M01,January,29.32
CES6500000003,Private Education and Health Services,2020,M12,December,29.40
CES6500000003,Private Education and Health Services,2020,M11,November,28.93
CES6500000003,Private Education and Health Services,2020,M10,October,28.78
CES6500000003,Private Education and Health Services,2020,M09,September,28.71
CES6500000003,Private Education and Health Services,2020,M08,August,28.61
CES6500000003,Private Education and Health Services,2020,M07,July,28.55
CES6500000003,Private Education and Health Services,2020,M06,June,28.53
CES6500000003,Private Education and Health Services,2020,M05,May,28.49
CES6500000003,Private Education and Health Services,2020,M04,April,28.38
CES6500000003,Private Education and Health Services,2020,M03,March,27.97
CES6500000003,Private Education and Health Services,2020,M02,February,27.89
CES6500000003,Private Education and Health Services,2020,M01,January,27.83
CES6500000003,Private Education and Health Services,2019,M12,December,27.87
CES6500000003,Private Education and Health Services,2019,M11,November,27.88
CES6500000003,Private Education and Health Services,2019,M10,October,27.83
CES6500000003,Private Education and Health Services,2019,M09,September,27.71
CES6500000003,Private Education and Health Services,2019,M08,August,27.70
CES6500000003,Private Education and Health Services,2019,M07,July,27.65
CES6500000003,Private Education and Health Services,2019,M06,June,27.55
CES6500000003,Private Education and Health Services,2019,M05,May,27.43
CES6500000003,Private Education and Health Services,2019,M04,April,27.48
CES6500000003,Private Education and Health Services,2019,M03,March,27.53
CES6500000003,Private Education and Health Services,2019,M02,February,27.45
CES6500000003,Private Education and Health Services,2019,M01,January,27.42
CES6500000003,Private Education and Health Services,2018,M12,December,27.31
CES6500000003,Private Education and Health Services,2018,M11,November,27.23
CES6500000003,Private Education and Health Services,2018,M10,October,27.18
CES6500000003,Private Education and Health Services,2018,M09,September,27.13
CES6500000003,Private Education and Health Services,2018,M08,August,27.12
CES6500000003,Private Education and Health Services,2018,M07,July,27.04
CES6500000003,Private Education and Health Services,2018,M06,June,27.01
CES6500000003,Private Education and Health Services,2018,M05,May,26.96
CES6500000003,Private Education and Health Services,2018,M04,April,26.85
CES6500000003,Private Education and Health Services,2018,M03,March,26.83
CES6500000003,Private Education and Health Services,2018,M02,February,26.68
CES6500000003,Private Education and Health Services,2018,M01,January,26.66
CES6500000003,Private Education and Health Services,2017,M12,December,26.62
CES6500000003,Private Education and Health Services,2017,M11,November,26.54
CES6500000003,Private Education and Health Services,2017,M10,October,26.46
CES6500000003,Private Education and Health Services,2017,M09,September,26.53
CES6500000003,Private Education and Health Services,2017,M08,August,26.41
CES6500000003,Private Education and Health Services,2017,M07,July,26.38
CES6500000003,Private Education and Health Services,2017,M06,June,26.26
CES6500000003,Private Education and Health Services,2017,M05,May,26.26
CES6500000003,Private Education and Health Services,2017,M04,April,26.21
CES6500000003,Private Education and Health Services,2017,M03,March,26.10
CES6500000003,Private Education and Health Services,2017,M02,February,26.08
CES6500000003,Private Education and Health Services,2017,M01,January,25.98
CES6500000003,Private Education and Health Services,2016,M12,December,25.97
CES6500000003,Private Education and Health Services,2016,M11,November,25.93
CES6500000003,Private Education and Health Services,2016,M10,October,25.91
CES6500000003,Private Education and Health Services,2016,M09,September,25.84
CES6500000003,Private Education and Health Services,2016,M08,August,25.70
CES6500000003,Private Education and Health Services,2016,M07,July,25.73
CES6500000003,Private Education and Health Services,2016,M06,June,25.68
CES6500000003,Private Education and Health Services,2016,M05,May,25.65
CES6500000003,Private Education and Health Services,2016,M04,April,25.67
CES6500000003,Private Education and Health Services,2016,M03,March,25.61
CES6500000003,Private Education and Health Services,2016,M02,February,25.58
CES6500000003,Private Education and Health Services,2016,M01,January,25.55
CES6500000003,Private Education and Health Services,2015,M12,December,25.49
CES6500000003,Private Education and Health Services,2015,M11,November,25.46
CES6500000003,Private Education and Health Services,2015,M10,October,25.41
CES6500000003,Private Education and Health Services,2015,M09,September,25.34
CES6500000003,Private Education and Health Services,2015,M08,August,25.29
CES6500000003,Private Education and Health Services,2015,M07,July,25.22
CES6500000003,Private Education and Health Services,2015,M06,June,25.24
CES6500000003,Private Education and Health Services,2015,M05,May,25.22
CES6500000003,Private Education and Health Services,2015,M04,April,25.10
CES6500000003,Private Education and Health Services,2015,M03,March,25.10
CES6500000003,Private Education and Health Services,2015,M02,February,25.03
CES6500000003,Private Education and Health Services,2015,M01,January,24.99
CES7000000003,Leisure and Hospitality,2024,M12,December,22.42
CES7000000003,Leisure and Hospitality,2024,M11,November,22.34
CES7000000003,Leisure and Hospitality,2024,M10,October,22.25
CES7000000003,Leisure and Hospitality,2024,M09,September,22.18
CES7000000003,Leisure and Hospitality,2024,M08,August,22.14
CES7000000003,Leisure and Hospitality,2024,M07,July,22.07
CES7000000003,Leisure and Hospitality,2024,M06,June,21.98
CES7000000003,Leisure and Hospitality,2024,M05,May,21.92
CES7000000003,Leisure and Hospitality,2024,M04,April,21.85
CES7000000003,Leisure and Hospitality,2024,M03,March,21.79
CES7000000003,Leisure and Hospitality,2024,M02,February,21.75
CES7000000003,Leisure and Hospitality,2024,M01,January,21.67
CES7000000003,Leisure and Hospitality,2023,M12,December,21.58
CES7000000003,Leisure and Hospitality,2023,M11,November,21.54
CES7000000003,Leisure and Hospitality,2023,M10,October,21.47
CES7000000003,Leisure and Hospitality,2023,M09,September,21.36
CES7000000003,Leisure and Hospitality,2023,M08,August,21.30
CES7000000003,Leisure and Hospitality,2023,M07,July,21.28
CES7000000003,Leisure and Hospitality,2023,M06,June,21.23
CES7000000003,Leisure and Hospitality,2023,M05,May,21.08
CES7000000003,Leisure and Hospitality,2023,M04,April,20.99
CES7000000003,Leisure and Hospitality,2023,M03,March,20.87
CES7000000003,Leisure and Hospitality,2023,M02,February,20.83
CES7000000003,Leisure and Hospitality,2023,M01,January,20.80
CES7000000003,Leisure and Hospitality,2022,M12,December,20.79
CES7000000003,Leisure and Hospitality,2022,M11,November,20.62
CES7000000003,Leisure and Hospitality,2022,M10,October,20.51
CES7000000003,Leisure and Hospitality,2022,M09,September,20.43
CES7000000003,Leisure and Hospitality,2022,M08,August,20.33
CES7000000003,Leisure and Hospitality,2022,M07,July,20.21
CES7000000003,Leisure and Hospitality,2022,M06,June,20.07
CES7000000003,Leisure and Hospitality,2022,M05,May,20.04
CES7000000003,Leisure and Hospitality,2022,M04,April,19.84
CES7000000003,Leisure and Hospitality,2022,M03,March,19.67
CES7000000003,Leisure and Hospitality,2022,M02,February,19.53
CES7000000003,Leisure and Hospitality,2022,M01,January,19.46
CES7000000003,Leisure and Hospitality,2021,M12,December,19.44
CES7000000003,Leisure and Hospitality,2021,M11,November,19.34
CES7000000003,Leisure and Hospitality,2021,M10,October,19.24
CES7000000003,Leisure and Hospitality,2021,M09,September,18.97
CES7000000003,Leisure and Hospitality,2021,M08,August,18.78
CES7000000003,Leisure and Hospitality,2021,M07,July,18.56
CES7000000003,Leisure and Hospitality,2021,M06,June,18.41
CES7000000003,Leisure and Hospitality,2021,M05,May,18.11
CES7000000003,Leisure and Hospitality,2021,M04,April,17.81
CES7000000003,Leisure and Hospitality,2021,M03,March,17.54
CES7000000003,Leisure and Hospitality,2021,M02,February,17.46
CES7000000003,Leisure and Hospitality,2021,M01,January,17.20
CES7000000003,Leisure and Hospitality,2020,M12,December,17.08
CES7000000003,Leisure and Hospitality,2020,M11,November,16.99
CES7000000003,Leisure and Hospitality,2020,M10,October,17.06
CES7000000003,Leisure and Hospitality,2020,M09,September,17.06
CES7000000003,Leisure and Hospitality,2020,M08,August,17.01
CES7000000003,Leisure and Hospitality,2020,M07,July,16.89
CES7000000003,Leisure and Hospitality,2020,M06,June,17.02
CES7000000003,Leisure and Hospitality,2020,M05,May,17.43
CES7000000003,Leisure and Hospitality,2020,M04,April,18.02
CES7000000003,Leisure and Hospitality,2020,M03,March,16.95
CES7000000003,Leisure and Hospitality,2020,M02,February,16.92
CES7000000003,Leisure and Hospitality,2020,M01,January,16.84
CES7000000003,Leisure and Hospitality,2019,M12,December,16.76
CES7000000003,Leisure and Hospitality,2019,M11,November,16.75
CES7000000003,Leisure and Hospitality,2019,M10,October,16.68
CES7000000003,Leisure and Hospitality,2019,M09,September,16.67
CES7000000003,Leisure and Hospitality,2019,M08,August,16.60
CES7000000003,Leisure and Hospitality,2019,M07,July,16.60
CES7000000003,Leisure and Hospitality,2019,M06,June,16.55
CES7000000003,Leisure and Hospitality,2019,M05,May,16.51
CES7000000003,Leisure and Hospitality,2019,M04,April,16.47
CES7000000003,Leisure and Hospitality,2019,M03,March,16.43
CES7000000003,Leisure and Hospitality,2019,M02,February,16.40
CES7000000003,Leisure and Hospitality,2019,M01,January,16.28
CES7000000003,Leisure and Hospitality,2018,M12,December,16.29
CES7000000003,Leisure and Hospitality,2018,M11,November,16.21
CES7000000003,Leisure and Hospitality,2018,M10,October,16.14
CES7000000003,Leisure and Hospitality,2018,M09,September,16.07
CES7000000003,Leisure and Hospitality,2018,M08,August,16.04
CES7000000003,Leisure and Hospitality,2018,M07,July,16.00
CES7000000003,Leisure and Hospitality,2018,M06,June,15.93
CES7000000003,Leisure and Hospitality,2018,M05,May,15.87
CES7000000003,Leisure and Hospitality,2018,M04,April,15.88
CES7000000003,Leisure and Hospitality,2018,M03,March,15.84
CES7000000003,Leisure and Hospitality,2018,M02,February,15.74
CES7000000003,Leisure and Hospitality,2018,M01,January,15.76
CES7000000003,Leisure and Hospitality,2017,M12,December,15.71
CES7000000003,Leisure and Hospitality,2017,M11,November,15.63
CES7000000003,Leisure and Hospitality,2017,M10,October,15.57
CES7000000003,Leisure and Hospitality,2017,M09,September,15.59
CES7000000003,Leisure and Hospitality,2017,M08,August,15.54
CES7000000003,Leisure and Hospitality,2017,M07,July,15.49
CES7000000003,Leisure and Hospitality,2017,M06,June,15.47
CES7000000003,Leisure and Hospitality,2017,M05,May,15.50
CES7000000003,Leisure and Hospitality,2017,M04,April,15.40
CES7000000003,Leisure and Hospitality,2017,M03,March,15.36
CES7000000003,Leisure and Hospitality,2017,M02,February,15.28
CES7000000003,Leisure and Hospitality,2017,M01,January,15.22
CES7000000003,Leisure and Hospitality,2016,M12,December,15.16
CES7000000003,Leisure and Hospitality,2016,M11,November,15.12
CES7000000003,Leisure and Hospitality,2016,M10,October,15.08
CES7000000003,Leisure and Hospitality,2016,M09,September,15.02
CES7000000003,Leisure and Hospitality,2016,M08,August,14.98
CES7000000003,Leisure and Hospitality,2016,M07,July,14.92
CES7000000003,Leisure and Hospitality,2016,M06,June,14.86
CES7000000003,Leisure and Hospitality,2016,M05,May,14.79
CES7000000003,Leisure and Hospitality,2016,M04,April,14.74
CES7000000003,Leisure and Hospitality,2016,M03,March,14.67
CES7000000003,Leisure and Hospitality,2016,M02,February,14.63
CES7000000003,Leisure and Hospitality,2016,M01,January,14.59
CES7000000003,Leisure and Hospitality,2015,M12,December,14.52
CES7000000003,Leisure and Hospitality,2015,M11,November,14.46
CES7000000003,Leisure and Hospitality,2015,M10,October,14.43
CES7000000003,Leisure and Hospitality,2015,M09,September,14.38
CES7000000003,Leisure and Hospitality,2015,M08,August,14.34
CES7000000003,Leisure and Hospitality,2015,M07,July,14.31
CES7000000003,Leisure and Hospitality,2015,M06,June,14.30
CES7000000003,Leisure and Hospitality,2015,M05,May,14.30
CES7000000003,Leisure and Hospitality,2015,M04,April,14.26
CES7000000003,Leisure and Hospitality,2015,M03,March,14.22
CES7000000003,Leisure and Hospitality,2015,M02,February,14.17
CES7000000003,Leisure and Hospitality,2015,M01,January,14.15
CES2000000003,Construction,2025,M12,December,40.44
CES2000000003,Construction,2025,M11,November,40.27
CES2000000003,Construction,2025,M10,October,40.14
CES2000000003,Construction,2025,M09,September,40.01
CES2000000003,Construction,2025,M08,August,39.98
CES2000000003,Construction,2025,M07,July,39.73
CES2000000003,Construction,2025,M06,June,39.64
CES2000000003,Construction,2025,M05,May,39.47
CES2000000003,Construction,2025,M04,April,39.33
CES2000000003,Construction,2025,M03,March,39.22
CES2000000003,Construction,2025,M02,February,39.14
CES2000000003,Construction,2025,M01,January,39.07
CES3000000003,Manufacturing,2025,M12,December,36.08
CES3000000003,Manufacturing,2025,M11,November,35.99
CES3000000003,Manufacturing,2025,M10,October,35.87
CES3000000003,Manufacturing,2025,M09,September,35.70
CES3000000003,Manufacturing,2025,M08,August,35.58
CES3000000003,Manufacturing,2025,M07,July,35.51
CES3000000003,Manufacturing,2025,M06,June,35.37
CES3000000003,Manufacturing,2025,M05,May,35.31
CES3000000003,Manufacturing,2025,M04,April,35.13
CES3000000003,Manufacturing,2025,M03,March,35.25
CES3000000003,Manufacturing,2025,M02,February,34.88
CES3000000003,Manufacturing,2025,M01,January,34.73
CES4000000003,"Trade, Transportation, and Utilities",2025,M12,December,31.56
CES4000000003,"Trade, Transportation, and Utilities",2025,M11,November,31.48
CES4000000003,"Trade, Transportation, and Utilities",2025,M10,October,31.31
CES4000000003,"Trade, Transportation, and Utilities",2025,M09,September,31.19
CES4000000003,"Trade, Transportation, and Utilities",2025,M08,August,31.10
CES4000000003,"Trade, Transportation, and Utilities",2025,M07,July,31.00
CES4000000003,"Trade, Transportation, and Utilities",2025,M06,June,30.86
CES4000000003,"Trade, Transportation, and Utilities",2025,M05,May,30.82
CES4000000003,"Trade, Transportation, and Utilities",2025,M04,April,30.74
CES4000000003,"Trade, Transportation, and Utilities",2025,M03,March,30.67
CES4000000003,"Trade, Transportation, and Utilities",2025,M02,February,30.50
CES4000000003,"Trade, Transportation, and Utilities",2025,M01,January,30.43
CES5000000003,Information,2025,M12,December,53.90
CES5000000003,Information,2025,M11,November,53.46
CES5000000003,Information,2025,M10,October,53.27
CES5000000003,Information,2025,M09,September,53.06
CES5000000003,Information,2025,M08,August,52.77
CES5000000003,Information,2025,M07,July,52.63
CES5000000003,Information,2025,M06,June,52.54
CES5000000003,Information,2025,M05,May,52.32
CES5000000003,Information,2025,M04,April,52.01
CES5000000003,Information,2025,M03,March,51.83
CES5000000003,Information,2025,M02,February,51.75
CES5000000003,Information,2025,M01,January,51.56
CES5500000003,Financial Activities,2025,M12,December,48.37
CES5500000003,Financial Activities,2025,M11,November,48.40
CES5500000003,Financial Activities,2025,M10,October,48.18
CES5500000003,Financial Activities,2025,M09,September,47.93
CES5500000003,Financial Activities,2025,M08,August,47.75
CES5500000003,Financial Activities,2025,M07,July,47.57
CES5500000003,Financial Activities,2025,M06,June,47.46
CES5500000003,Financial Activities,2025,M05,May,47.45
CES5500000003,Financial Activities,2025,M04,April,47.19
CES5500000003,Financial Activities,2025,M03,March,47.11
CES5500000003,Financial Activities,2025,M02,February,46.82
CES5500000003,Financial Activities,2025,M01,January,46.63
CES6000000003,Professional and Business Services,2025,M12,December,44.96
CES6000000003,Professional and Business Services,2025,M11,November,44.92
CES6000000003,Professional and Business Services,2025,M10,October,44.90
CES6000000003,Professional and Business Services,2025,M09,September,44.74
CES6000000003,Professional and Business Services,2025,M08,August,44.62
CES6000000003,Professional and Business Services,2025,M07,July,44.40
CES6000000003,Professional and Business Services,2025,M06,June,44.21
CES6000000003,Professional and Business Services,2025,M05,May,44.00
CES6000000003,Professional and Business Services,2025,M04,April,43.76
CES6000000003,Professional and Business Services,2025,M03,March,43.67
CES6000000003,Professional and Business Services,2025,M02,February,43.55
CES6000000003,Professional and Business Services,2025,M01,January,43.42
CES6500000003,Private Education and Health Services,2025,M12,December,35.95
CES6500000003,Private Education and Health Services,2025,M11,November,36.12
CES6500000003,Private Education and Health Services,2025,M10,October,35.95
CES6500000003,Private Education and Health Services,2025,M09,September,35.69
CES6500000003,Private Education and Health Services,2025,M08,August,35.75
CES6500000003,Private Education and Health Services,2025,M07,July,35.58
CES6500000003,Private Education and Health Services,2025,M06,June,35.49
CES6500000003,Private Education and Health Services,2025,M05,May,35.50
CES6500000003,Private Education and Health Services,2025,M04,April,35.33
CES6500000003,Private Education and Health Services,2025,M03,March,35.34
CES6500000003,Private Education and Health Services,2025,M02,February,35.25
CES6500000003,Private Education and Health Services,2025,M01,January,35.15
CES7000000003,Leisure and Hospitality,2025,M12,December,23.25
CES7000000003,Leisure and Hospitality,2025,M11,November,23.17
CES7000000003,Leisure and Hospitality,2025,M10,October,23.01
CES7000000003,Leisure and Hospitality,2025,M09,September,23.00
CES7000000003,Leisure and Hospitality,2025,M08,August,22.92
CES7000000003,Leisure and Hospitality,2025,M07,July,22.81
CES7000000003,Leisure and Hospitality,2025,M06,June,22.74
CES7000000003,Leisure and Hospitality,2025,M05,May,22.68
CES7000000003,Leisure and Hospitality,2025,M04,April,22.69
CES7000000003,Leisure and Hospitality,2025,M03,March,22.73
CES7000000003,Leisure and Hospitality,2025,M02,February,22.58
CES7000000003,Leisure and Hospitality,2025,M01,January,22.50
